ID,bought
0_2024-04-07,1
0_2024-04-08,1
0_2024-04-09,1
0_2024-04-10,1
0_2024-04-11,1
0_2024-04-12,1
0_2024-04-13,1
0_2024-04-14,1
0_2024-04-15,1
0_2024-04-16,1
0_2024-04-17,1
0_2024-04-18,1
0_2024-04-19,1
0_2024-04-20,1
0_2024-04-21,1
0_2024-04-22,1
0_2024-04-23,1
0_2024-04-24,1
0_2024-04-25,1
0_2024-04-26,1
0_2024-04-27,1
0_2024-04-28,1
0_2024-04-29,1
0_2024-04-30,1
0_2024-05-01,1
0_2024-05-02,1
0_2024-05-03,1
0_2024-05-04,1
0_2024-05-05,1
0_2024-05-06,1
0_2024-05-07,1
0_2024-05-08,1
0_2024-05-09,1
0_2024-05-10,1
0_2024-05-11,1
0_2024-05-12,1
0_2024-05-13,1
0_2024-05-14,1
0_2024-05-15,1
0_2024-05-16,1
0_2024-05-17,1
0_2024-05-18,1
0_2024-05-19,1
0_2024-05-20,1
0_2024-05-21,1
0_2024-05-22,1
0_2024-05-23,1
0_2024-05-24,1
0_2024-05-25,1
0_2024-05-26,1
0_2024-05-27,1
0_2024-05-28,1
0_2024-05-29,1
0_2024-05-30,1
0_2024-05-31,1
0_2024-06-01,1
0_2024-06-02,1
0_2024-06-03,1
0_2024-06-04,1
0_2024-06-05,1
0_2024-06-06,1
0_2024-06-07,1
0_2024-06-08,1
0_2024-06-09,1
0_2024-06-10,1
0_2024-06-11,1
0_2024-06-12,1
0_2024-06-13,1
0_2024-06-14,1
0_2024-06-15,1
0_2024-06-16,1
0_2024-06-17,1
0_2024-06-18,1
0_2024-06-19,1
0_2024-06-20,1
0_2024-06-21,1
0_2024-06-22,1
0_2024-06-23,1
0_2024-06-24,1
0_2024-06-25,1
0_2024-06-26,1
0_2024-06-27,1
0_2024-06-28,1
0_2024-06-29,1
0_2024-06-30,1
0_2024-07-01,1
0_2024-07-02,1
0_2024-07-03,1
0_2024-07-04,1
0_2024-07-05,1
0_2024-07-06,1
0_2024-07-07,1
0_2024-07-08,1
0_2024-07-09,1
0_2024-07-10,1
0_2024-07-11,1
0_2024-07-12,1
0_2024-07-13,1
0_2024-07-14,1
0_2024-07-15,1
0_2024-07-16,1
0_2024-07-17,1
0_2024-07-18,1
0_2024-07-19,1
0_2024-07-20,1
0_2024-07-21,1
0_2024-07-22,1
0_2024-07-23,1
0_2024-07-24,1
0_2024-07-25,1
0_2024-07-26,1
0_2024-07-27,1
0_2024-07-28,1
0_2024-07-29,1
0_2024-07-30,1
1_2024-04-07,1
1_2024-04-08,1
1_2024-04-09,1
1_2024-04-10,1
1_2024-04-11,1
1_2024-04-12,1
1_2024-04-13,1
1_2024-04-14,1
1_2024-04-15,1
1_2024-04-16,1
1_2024-04-17,1
1_2024-04-18,1
1_2024-04-19,1
1_2024-04-20,1
1_2024-04-21,1
1_2024-04-22,1
1_2024-04-23,1
1_2024-04-24,1
1_2024-04-25,1
1_2024-04-26,1
1_2024-04-27,1
1_2024-04-28,1
1_2024-04-29,1
1_2024-04-30,1
1_2024-05-01,1
1_2024-05-02,1
1_2024-05-03,1
1_2024-05-04,1
1_2024-05-05,1
1_2024-05-06,1
1_2024-05-07,1
1_2024-05-08,1
1_2024-05-09,1
1_2024-05-10,1
1_2024-05-11,1
1_2024-05-12,1
1_2024-05-13,1
1_2024-05-14,1
1_2024-05-15,1
1_2024-05-16,1
1_2024-05-17,1
1_2024-05-18,1
1_2024-05-19,1
1_2024-05-20,1
1_2024-05-21,1
1_2024-05-22,1
1_2024-05-23,1
1_2024-05-24,1
1_2024-05-25,1
1_2024-05-26,1
1_2024-05-27,1
1_2024-05-28,1
1_2024-05-29,1
1_2024-05-30,1
1_2024-05-31,1
1_2024-06-01,1
1_2024-06-02,1
1_2024-06-03,1
1_2024-06-04,1
1_2024-06-05,1
1_2024-06-06,1
1_2024-06-07,1
1_2024-06-08,1
1_2024-06-09,1
1_2024-06-10,1
1_2024-06-11,1
1_2024-06-12,1
1_2024-06-13,1
1_2024-06-14,1
1_2024-06-15,1
1_2024-06-16,1
1_2024-06-17,1
1_2024-06-18,1
1_2024-06-19,1
1_2024-06-20,1
1_2024-06-21,1
1_2024-06-22,1
1_2024-06-23,1
1_2024-06-24,1
1_2024-06-25,1
1_2024-06-26,1
1_2024-06-27,1
1_2024-06-28,1
1_2024-06-29,1
1_2024-06-30,1
1_2024-07-01,1
1_2024-07-02,1
1_2024-07-03,1
1_2024-07-04,1
1_2024-07-05,1
1_2024-07-06,1
1_2024-07-07,1
1_2024-07-08,1
1_2024-07-09,1
1_2024-07-10,1
1_2024-07-11,1
1_2024-07-12,1
1_2024-07-13,1
1_2024-07-14,1
1_2024-07-15,1
1_2024-07-16,1
1_2024-07-17,1
1_2024-07-18,1
1_2024-07-19,1
1_2024-07-20,1
1_2024-07-21,1
1_2024-07-22,1
1_2024-07-23,1
1_2024-07-24,1
1_2024-07-25,1
1_2024-07-26,1
1_2024-07-27,1
1_2024-07-28,1
1_2024-07-29,1
1_2024-07-30,1
2_2024-04-07,1
2_2024-04-08,1
2_2024-04-09,1
2_2024-04-10,1
2_2024-04-11,1
2_2024-04-12,1
2_2024-04-13,1
2_2024-04-14,1
2_2024-04-15,1
2_2024-04-16,1
2_2024-04-17,1
2_2024-04-18,1
2_2024-04-19,1
2_2024-04-20,1
2_2024-04-21,1
2_2024-04-22,1
2_2024-04-23,1
2_2024-04-24,1
2_2024-04-25,1
2_2024-04-26,1
2_2024-04-27,1
2_2024-04-28,1
2_2024-04-29,1
2_2024-04-30,1
2_2024-05-01,1
2_2024-05-02,1
2_2024-05-03,1
2_2024-05-04,1
2_2024-05-05,1
2_2024-05-06,1
2_2024-05-07,1
2_2024-05-08,1
2_2024-05-09,1
2_2024-05-10,1
2_2024-05-11,1
2_2024-05-12,1
2_2024-05-13,1
2_2024-05-14,1
2_2024-05-15,1
2_2024-05-16,1
2_2024-05-17,1
2_2024-05-18,1
2_2024-05-19,1
2_2024-05-20,1
2_2024-05-21,1
2_2024-05-22,1
2_2024-05-23,1
2_2024-05-24,1
2_2024-05-25,1
2_2024-05-26,1
2_2024-05-27,1
2_2024-05-28,1
2_2024-05-29,1
2_2024-05-30,1
2_2024-05-31,1
2_2024-06-01,1
2_2024-06-02,1
2_2024-06-03,1
2_2024-06-04,1
2_2024-06-05,1
2_2024-06-06,1
2_2024-06-07,1
2_2024-06-08,1
2_2024-06-09,1
2_2024-06-10,1
2_2024-06-11,1
2_2024-06-12,1
2_2024-06-13,1
2_2024-06-14,1
2_2024-06-15,1
2_2024-06-16,1
2_2024-06-17,1
2_2024-06-18,1
2_2024-06-19,1
2_2024-06-20,1
2_2024-06-21,1
2_2024-06-22,1
2_2024-06-23,1
2_2024-06-24,1
2_2024-06-25,1
2_2024-06-26,1
2_2024-06-27,1
2_2024-06-28,1
2_2024-06-29,1
2_2024-06-30,1
2_2024-07-01,1
2_2024-07-02,1
2_2024-07-03,1
2_2024-07-04,1
2_2024-07-05,1
2_2024-07-06,1
2_2024-07-07,1
2_2024-07-08,1
2_2024-07-09,1
2_2024-07-10,1
2_2024-07-11,1
2_2024-07-12,1
2_2024-07-13,1
2_2024-07-14,1
2_2024-07-15,1
2_2024-07-16,1
2_2024-07-17,1
2_2024-07-18,1
2_2024-07-19,1
2_2024-07-20,1
2_2024-07-21,1
2_2024-07-22,1
2_2024-07-23,1
2_2024-07-24,1
2_2024-07-25,1
2_2024-07-26,1
2_2024-07-27,1
2_2024-07-28,1
2_2024-07-29,1
2_2024-07-30,1
3_2024-04-07,1
3_2024-04-08,1
3_2024-04-09,1
3_2024-04-10,1
3_2024-04-11,1
3_2024-04-12,1
3_2024-04-13,1
3_2024-04-14,1
3_2024-04-15,1
3_2024-04-16,1
3_2024-04-17,1
3_2024-04-18,1
3_2024-04-19,1
3_2024-04-20,1
3_2024-04-21,1
3_2024-04-22,1
3_2024-04-23,1
3_2024-04-24,1
3_2024-04-25,1
3_2024-04-26,1
3_2024-04-27,1
3_2024-04-28,1
3_2024-04-29,1
3_2024-04-30,1
3_2024-05-01,1
3_2024-05-02,1
3_2024-05-03,1
3_2024-05-04,1
3_2024-05-05,1
3_2024-05-06,1
3_2024-05-07,1
3_2024-05-08,1
3_2024-05-09,1
3_2024-05-10,1
3_2024-05-11,1
3_2024-05-12,1
3_2024-05-13,1
3_2024-05-14,1
3_2024-05-15,1
3_2024-05-16,1
3_2024-05-17,1
3_2024-05-18,1
3_2024-05-19,1
3_2024-05-20,1
3_2024-05-21,1
3_2024-05-22,1
3_2024-05-23,1
3_2024-05-24,1
3_2024-05-25,1
3_2024-05-26,1
3_2024-05-27,1
3_2024-05-28,1
3_2024-05-29,1
3_2024-05-30,1
3_2024-05-31,1
3_2024-06-01,1
3_2024-06-02,1
3_2024-06-03,1
3_2024-06-04,1
3_2024-06-05,1
3_2024-06-06,1
3_2024-06-07,1
3_2024-06-08,1
3_2024-06-09,1
3_2024-06-10,1
3_2024-06-11,1
3_2024-06-12,1
3_2024-06-13,1
3_2024-06-14,1
3_2024-06-15,1
3_2024-06-16,1
3_2024-06-17,1
3_2024-06-18,1
3_2024-06-19,1
3_2024-06-20,1
3_2024-06-21,1
3_2024-06-22,1
3_2024-06-23,1
3_2024-06-24,1
3_2024-06-25,1
3_2024-06-26,1
3_2024-06-27,1
3_2024-06-28,1
3_2024-06-29,1
3_2024-06-30,1
3_2024-07-01,1
3_2024-07-02,1
3_2024-07-03,1
3_2024-07-04,1
3_2024-07-05,1
3_2024-07-06,1
3_2024-07-07,1
3_2024-07-08,1
3_2024-07-09,1
3_2024-07-10,1
3_2024-07-11,1
3_2024-07-12,1
3_2024-07-13,1
3_2024-07-14,1
3_2024-07-15,1
3_2024-07-16,1
3_2024-07-17,1
3_2024-07-18,1
3_2024-07-19,1
3_2024-07-20,1
3_2024-07-21,1
3_2024-07-22,1
3_2024-07-23,1
3_2024-07-24,1
3_2024-07-25,1
3_2024-07-26,1
3_2024-07-27,1
3_2024-07-28,1
3_2024-07-29,1
3_2024-07-30,1
4_2024-04-07,1
4_2024-04-08,1
4_2024-04-09,1
4_2024-04-10,1
4_2024-04-11,1
4_2024-04-12,1
4_2024-04-13,1
4_2024-04-14,1
4_2024-04-15,1
4_2024-04-16,1
4_2024-04-17,1
4_2024-04-18,1
4_2024-04-19,1
4_2024-04-20,1
4_2024-04-21,1
4_2024-04-22,1
4_2024-04-23,1
4_2024-04-24,1
4_2024-04-25,1
4_2024-04-26,1
4_2024-04-27,1
4_2024-04-28,1
4_2024-04-29,1
4_2024-04-30,1
4_2024-05-01,1
4_2024-05-02,1
4_2024-05-03,1
4_2024-05-04,1
4_2024-05-05,1
4_2024-05-06,1
4_2024-05-07,1
4_2024-05-08,1
4_2024-05-09,1
4_2024-05-10,1
4_2024-05-11,1
4_2024-05-12,1
4_2024-05-13,1
4_2024-05-14,1
4_2024-05-15,1
4_2024-05-16,1
4_2024-05-17,1
4_2024-05-18,1
4_2024-05-19,1
4_2024-05-20,1
4_2024-05-21,1
4_2024-05-22,1
4_2024-05-23,1
4_2024-05-24,1
4_2024-05-25,1
4_2024-05-26,1
4_2024-05-27,1
4_2024-05-28,1
4_2024-05-29,1
4_2024-05-30,1
4_2024-05-31,1
4_2024-06-01,1
4_2024-06-02,1
4_2024-06-03,1
4_2024-06-04,1
4_2024-06-05,1
4_2024-06-06,1
4_2024-06-07,1
4_2024-06-08,1
4_2024-06-09,1
4_2024-06-10,1
4_2024-06-11,1
4_2024-06-12,1
4_2024-06-13,1
4_2024-06-14,1
4_2024-06-15,1
4_2024-06-16,1
4_2024-06-17,1
4_2024-06-18,1
4_2024-06-19,1
4_2024-06-20,1
4_2024-06-21,1
4_2024-06-22,1
4_2024-06-23,1
4_2024-06-24,1
4_2024-06-25,1
4_2024-06-26,1
4_2024-06-27,1
4_2024-06-28,1
4_2024-06-29,1
4_2024-06-30,1
4_2024-07-01,1
4_2024-07-02,1
4_2024-07-03,1
4_2024-07-04,1
4_2024-07-05,1
4_2024-07-06,1
4_2024-07-07,1
4_2024-07-08,1
4_2024-07-09,1
4_2024-07-10,1
4_2024-07-11,1
4_2024-07-12,1
4_2024-07-13,1
4_2024-07-14,1
4_2024-07-15,1
4_2024-07-16,1
4_2024-07-17,1
4_2024-07-18,1
4_2024-07-19,1
4_2024-07-20,1
4_2024-07-21,1
4_2024-07-22,1
4_2024-07-23,1
4_2024-07-24,1
4_2024-07-25,1
4_2024-07-26,1
4_2024-07-27,1
4_2024-07-28,1
4_2024-07-29,1
4_2024-07-30,1
5_2024-04-07,1
5_2024-04-08,1
5_2024-04-09,1
5_2024-04-10,1
5_2024-04-11,1
5_2024-04-12,1
5_2024-04-13,1
5_2024-04-14,1
5_2024-04-15,1
5_2024-04-16,1
5_2024-04-17,1
5_2024-04-18,1
5_2024-04-19,1
5_2024-04-20,1
5_2024-04-21,1
5_2024-04-22,1
5_2024-04-23,1
5_2024-04-24,1
5_2024-04-25,1
5_2024-04-26,1
5_2024-04-27,1
5_2024-04-28,1
5_2024-04-29,1
5_2024-04-30,1
5_2024-05-01,1
5_2024-05-02,1
5_2024-05-03,1
5_2024-05-04,1
5_2024-05-05,1
5_2024-05-06,1
5_2024-05-07,1
5_2024-05-08,1
5_2024-05-09,1
5_2024-05-10,1
5_2024-05-11,1
5_2024-05-12,1
5_2024-05-13,1
5_2024-05-14,1
5_2024-05-15,1
5_2024-05-16,1
5_2024-05-17,1
5_2024-05-18,1
5_2024-05-19,1
5_2024-05-20,1
5_2024-05-21,1
5_2024-05-22,1
5_2024-05-23,1
5_2024-05-24,1
5_2024-05-25,1
5_2024-05-26,1
5_2024-05-27,1
5_2024-05-28,1
5_2024-05-29,1
5_2024-05-30,1
5_2024-05-31,1
5_2024-06-01,1
5_2024-06-02,1
5_2024-06-03,1
5_2024-06-04,1
5_2024-06-05,1
5_2024-06-06,1
5_2024-06-07,1
5_2024-06-08,1
5_2024-06-09,1
5_2024-06-10,1
5_2024-06-11,1
5_2024-06-12,1
5_2024-06-13,1
5_2024-06-14,1
5_2024-06-15,1
5_2024-06-16,1
5_2024-06-17,1
5_2024-06-18,1
5_2024-06-19,1
5_2024-06-20,1
5_2024-06-21,1
5_2024-06-22,1
5_2024-06-23,1
5_2024-06-24,1
5_2024-06-25,1
5_2024-06-26,1
5_2024-06-27,1
5_2024-06-28,1
5_2024-06-29,1
5_2024-06-30,1
5_2024-07-01,1
5_2024-07-02,1
5_2024-07-03,1
5_2024-07-04,1
5_2024-07-05,1
5_2024-07-06,1
5_2024-07-07,1
5_2024-07-08,1
5_2024-07-09,1
5_2024-07-10,1
5_2024-07-11,1
5_2024-07-12,1
5_2024-07-13,1
5_2024-07-14,1
5_2024-07-15,1
5_2024-07-16,1
5_2024-07-17,1
5_2024-07-18,1
5_2024-07-19,1
5_2024-07-20,1
5_2024-07-21,1
5_2024-07-22,1
5_2024-07-23,1
5_2024-07-24,1
5_2024-07-25,1
5_2024-07-26,1
5_2024-07-27,1
5_2024-07-28,1
5_2024-07-29,1
5_2024-07-30,1
6_2024-04-07,1
6_2024-04-08,1
6_2024-04-09,1
6_2024-04-10,1
6_2024-04-11,1
6_2024-04-12,1
6_2024-04-13,1
6_2024-04-14,1
6_2024-04-15,1
6_2024-04-16,1
6_2024-04-17,1
6_2024-04-18,1
6_2024-04-19,1
6_2024-04-20,1
6_2024-04-21,1
6_2024-04-22,1
6_2024-04-23,1
6_2024-04-24,1
6_2024-04-25,1
6_2024-04-26,1
6_2024-04-27,1
6_2024-04-28,1
6_2024-04-29,1
6_2024-04-30,1
6_2024-05-01,1
6_2024-05-02,1
6_2024-05-03,1
6_2024-05-04,1
6_2024-05-05,1
6_2024-05-06,1
6_2024-05-07,1
6_2024-05-08,1
6_2024-05-09,1
6_2024-05-10,1
6_2024-05-11,1
6_2024-05-12,1
6_2024-05-13,1
6_2024-05-14,1
6_2024-05-15,1
6_2024-05-16,1
6_2024-05-17,1
6_2024-05-18,1
6_2024-05-19,1
6_2024-05-20,1
6_2024-05-21,1
6_2024-05-22,1
6_2024-05-23,1
6_2024-05-24,1
6_2024-05-25,1
6_2024-05-26,1
6_2024-05-27,1
6_2024-05-28,1
6_2024-05-29,1
6_2024-05-30,1
6_2024-05-31,1
6_2024-06-01,1
6_2024-06-02,1
6_2024-06-03,1
6_2024-06-04,1
6_2024-06-05,1
6_2024-06-06,1
6_2024-06-07,1
6_2024-06-08,1
6_2024-06-09,1
6_2024-06-10,1
6_2024-06-11,1
6_2024-06-12,1
6_2024-06-13,1
6_2024-06-14,1
6_2024-06-15,1
6_2024-06-16,1
6_2024-06-17,1
6_2024-06-18,1
6_2024-06-19,1
6_2024-06-20,1
6_2024-06-21,1
6_2024-06-22,1
6_2024-06-23,1
6_2024-06-24,1
6_2024-06-25,1
6_2024-06-26,1
6_2024-06-27,1
6_2024-06-28,1
6_2024-06-29,1
6_2024-06-30,1
6_2024-07-01,1
6_2024-07-02,1
6_2024-07-03,1
6_2024-07-04,1
6_2024-07-05,1
6_2024-07-06,1
6_2024-07-07,1
6_2024-07-08,1
6_2024-07-09,1
6_2024-07-10,1
6_2024-07-11,1
6_2024-07-12,1
6_2024-07-13,1
6_2024-07-14,1
6_2024-07-15,1
6_2024-07-16,1
6_2024-07-17,1
6_2024-07-18,1
6_2024-07-19,1
6_2024-07-20,1
6_2024-07-21,1
6_2024-07-22,1
6_2024-07-23,1
6_2024-07-24,1
6_2024-07-25,1
6_2024-07-26,1
6_2024-07-27,1
6_2024-07-28,1
6_2024-07-29,1
6_2024-07-30,1
7_2024-04-07,1
7_2024-04-08,1
7_2024-04-09,1
7_2024-04-10,1
7_2024-04-11,1
7_2024-04-12,1
7_2024-04-13,1
7_2024-04-14,1
7_2024-04-15,1
7_2024-04-16,1
7_2024-04-17,1
7_2024-04-18,1
7_2024-04-19,1
7_2024-04-20,1
7_2024-04-21,1
7_2024-04-22,1
7_2024-04-23,1
7_2024-04-24,1
7_2024-04-25,1
7_2024-04-26,1
7_2024-04-27,1
7_2024-04-28,1
7_2024-04-29,1
7_2024-04-30,1
7_2024-05-01,1
7_2024-05-02,1
7_2024-05-03,1
7_2024-05-04,1
7_2024-05-05,1
7_2024-05-06,1
7_2024-05-07,1
7_2024-05-08,1
7_2024-05-09,1
7_2024-05-10,1
7_2024-05-11,1
7_2024-05-12,1
7_2024-05-13,1
7_2024-05-14,1
7_2024-05-15,1
7_2024-05-16,1
7_2024-05-17,1
7_2024-05-18,1
7_2024-05-19,1
7_2024-05-20,1
7_2024-05-21,1
7_2024-05-22,1
7_2024-05-23,1
7_2024-05-24,1
7_2024-05-25,1
7_2024-05-26,1
7_2024-05-27,1
7_2024-05-28,1
7_2024-05-29,1
7_2024-05-30,1
7_2024-05-31,1
7_2024-06-01,1
7_2024-06-02,1
7_2024-06-03,1
7_2024-06-04,1
7_2024-06-05,1
7_2024-06-06,1
7_2024-06-07,1
7_2024-06-08,1
7_2024-06-09,1
7_2024-06-10,1
7_2024-06-11,1
7_2024-06-12,1
7_2024-06-13,1
7_2024-06-14,1
7_2024-06-15,1
7_2024-06-16,1
7_2024-06-17,1
7_2024-06-18,1
7_2024-06-19,1
7_2024-06-20,1
7_2024-06-21,1
7_2024-06-22,1
7_2024-06-23,1
7_2024-06-24,1
7_2024-06-25,1
7_2024-06-26,1
7_2024-06-27,1
7_2024-06-28,1
7_2024-06-29,1
7_2024-06-30,1
7_2024-07-01,1
7_2024-07-02,1
7_2024-07-03,1
7_2024-07-04,1
7_2024-07-05,1
7_2024-07-06,1
7_2024-07-07,1
7_2024-07-08,1
7_2024-07-09,1
7_2024-07-10,1
7_2024-07-11,1
7_2024-07-12,1
7_2024-07-13,1
7_2024-07-14,1
7_2024-07-15,1
7_2024-07-16,1
7_2024-07-17,1
7_2024-07-18,1
7_2024-07-19,1
7_2024-07-20,1
7_2024-07-21,1
7_2024-07-22,1
7_2024-07-23,1
7_2024-07-24,1
7_2024-07-25,1
7_2024-07-26,1
7_2024-07-27,1
7_2024-07-28,1
7_2024-07-29,1
7_2024-07-30,1
8_2024-04-07,1
8_2024-04-08,1
8_2024-04-09,1
8_2024-04-10,1
8_2024-04-11,1
8_2024-04-12,1
8_2024-04-13,1
8_2024-04-14,1
8_2024-04-15,1
8_2024-04-16,1
8_2024-04-17,1
8_2024-04-18,1
8_2024-04-19,1
8_2024-04-20,1
8_2024-04-21,1
8_2024-04-22,1
8_2024-04-23,1
8_2024-04-24,1
8_2024-04-25,1
8_2024-04-26,1
8_2024-04-27,1
8_2024-04-28,1
8_2024-04-29,1
8_2024-04-30,1
8_2024-05-01,1
8_2024-05-02,1
8_2024-05-03,1
8_2024-05-04,1
8_2024-05-05,1
8_2024-05-06,1
8_2024-05-07,1
8_2024-05-08,1
8_2024-05-09,1
8_2024-05-10,1
8_2024-05-11,1
8_2024-05-12,1
8_2024-05-13,1
8_2024-05-14,1
8_2024-05-15,1
8_2024-05-16,1
8_2024-05-17,1
8_2024-05-18,1
8_2024-05-19,1
8_2024-05-20,1
8_2024-05-21,1
8_2024-05-22,1
8_2024-05-23,1
8_2024-05-24,1
8_2024-05-25,1
8_2024-05-26,1
8_2024-05-27,1
8_2024-05-28,1
8_2024-05-29,1
8_2024-05-30,1
8_2024-05-31,1
8_2024-06-01,1
8_2024-06-02,1
8_2024-06-03,1
8_2024-06-04,1
8_2024-06-05,1
8_2024-06-06,1
8_2024-06-07,1
8_2024-06-08,1
8_2024-06-09,1
8_2024-06-10,1
8_2024-06-11,1
8_2024-06-12,1
8_2024-06-13,1
8_2024-06-14,1
8_2024-06-15,1
8_2024-06-16,1
8_2024-06-17,1
8_2024-06-18,1
8_2024-06-19,1
8_2024-06-20,1
8_2024-06-21,1
8_2024-06-22,1
8_2024-06-23,1
8_2024-06-24,1
8_2024-06-25,1
8_2024-06-26,1
8_2024-06-27,1
8_2024-06-28,1
8_2024-06-29,1
8_2024-06-30,1
8_2024-07-01,1
8_2024-07-02,1
8_2024-07-03,1
8_2024-07-04,1
8_2024-07-05,1
8_2024-07-06,1
8_2024-07-07,1
8_2024-07-08,1
8_2024-07-09,1
8_2024-07-10,1
8_2024-07-11,1
8_2024-07-12,1
8_2024-07-13,1
8_2024-07-14,1
8_2024-07-15,1
8_2024-07-16,1
8_2024-07-17,1
8_2024-07-18,1
8_2024-07-19,1
8_2024-07-20,1
8_2024-07-21,1
8_2024-07-22,1
8_2024-07-23,1
8_2024-07-24,1
8_2024-07-25,1
8_2024-07-26,1
8_2024-07-27,1
8_2024-07-28,1
8_2024-07-29,1
8_2024-07-30,1
9_2024-04-07,1
9_2024-04-08,1
9_2024-04-09,1
9_2024-04-10,1
9_2024-04-11,1
9_2024-04-12,1
9_2024-04-13,1
9_2024-04-14,1
9_2024-04-15,1
9_2024-04-16,1
9_2024-04-17,1
9_2024-04-18,1
9_2024-04-19,1
9_2024-04-20,1
9_2024-04-21,1
9_2024-04-22,1
9_2024-04-23,1
9_2024-04-24,1
9_2024-04-25,1
9_2024-04-26,1
9_2024-04-27,1
9_2024-04-28,1
9_2024-04-29,1
9_2024-04-30,1
9_2024-05-01,1
9_2024-05-02,1
9_2024-05-03,1
9_2024-05-04,1
9_2024-05-05,1
9_2024-05-06,1
9_2024-05-07,1
9_2024-05-08,1
9_2024-05-09,1
9_2024-05-10,1
9_2024-05-11,1
9_2024-05-12,1
9_2024-05-13,1
9_2024-05-14,1
9_2024-05-15,1
9_2024-05-16,1
9_2024-05-17,1
9_2024-05-18,1
9_2024-05-19,1
9_2024-05-20,1
9_2024-05-21,1
9_2024-05-22,1
9_2024-05-23,1
9_2024-05-24,1
9_2024-05-25,1
9_2024-05-26,1
9_2024-05-27,1
9_2024-05-28,1
9_2024-05-29,1
9_2024-05-30,1
9_2024-05-31,1
9_2024-06-01,1
9_2024-06-02,1
9_2024-06-03,1
9_2024-06-04,1
9_2024-06-05,1
9_2024-06-06,1
9_2024-06-07,1
9_2024-06-08,1
9_2024-06-09,1
9_2024-06-10,1
9_2024-06-11,1
9_2024-06-12,1
9_2024-06-13,1
9_2024-06-14,1
9_2024-06-15,1
9_2024-06-16,1
9_2024-06-17,1
9_2024-06-18,1
9_2024-06-19,1
9_2024-06-20,1
9_2024-06-21,1
9_2024-06-22,1
9_2024-06-23,1
9_2024-06-24,1
9_2024-06-25,1
9_2024-06-26,1
9_2024-06-27,1
9_2024-06-28,1
9_2024-06-29,1
9_2024-06-30,1
9_2024-07-01,1
9_2024-07-02,1
9_2024-07-03,1
9_2024-07-04,1
9_2024-07-05,1
9_2024-07-06,1
9_2024-07-07,1
9_2024-07-08,1
9_2024-07-09,1
9_2024-07-10,1
9_2024-07-11,1
9_2024-07-12,1
9_2024-07-13,1
9_2024-07-14,1
9_2024-07-15,1
9_2024-07-16,1
9_2024-07-17,1
9_2024-07-18,1
9_2024-07-19,1
9_2024-07-20,1
9_2024-07-21,1
9_2024-07-22,1
9_2024-07-23,1
9_2024-07-24,1
9_2024-07-25,1
9_2024-07-26,1
9_2024-07-27,1
9_2024-07-28,1
9_2024-07-29,1
9_2024-07-30,1
10_2024-04-07,1
10_2024-04-08,1
10_2024-04-09,1
10_2024-04-10,1
10_2024-04-11,1
10_2024-04-12,1
10_2024-04-13,1
10_2024-04-14,1
10_2024-04-15,1
10_2024-04-16,1
10_2024-04-17,1
10_2024-04-18,1
10_2024-04-19,1
10_2024-04-20,1
10_2024-04-21,1
10_2024-04-22,1
10_2024-04-23,1
10_2024-04-24,1
10_2024-04-25,1
10_2024-04-26,1
10_2024-04-27,1
10_2024-04-28,1
10_2024-04-29,1
10_2024-04-30,1
10_2024-05-01,1
10_2024-05-02,1
10_2024-05-03,1
10_2024-05-04,1
10_2024-05-05,1
10_2024-05-06,1
10_2024-05-07,1
10_2024-05-08,1
10_2024-05-09,1
10_2024-05-10,1
10_2024-05-11,1
10_2024-05-12,1
10_2024-05-13,1
10_2024-05-14,1
10_2024-05-15,1
10_2024-05-16,1
10_2024-05-17,1
10_2024-05-18,1
10_2024-05-19,1
10_2024-05-20,1
10_2024-05-21,1
10_2024-05-22,1
10_2024-05-23,1
10_2024-05-24,1
10_2024-05-25,1
10_2024-05-26,1
10_2024-05-27,1
10_2024-05-28,1
10_2024-05-29,1
10_2024-05-30,1
10_2024-05-31,1
10_2024-06-01,1
10_2024-06-02,1
10_2024-06-03,1
10_2024-06-04,1
10_2024-06-05,1
10_2024-06-06,1
10_2024-06-07,1
10_2024-06-08,1
10_2024-06-09,1
10_2024-06-10,1
10_2024-06-11,1
10_2024-06-12,1
10_2024-06-13,1
10_2024-06-14,1
10_2024-06-15,1
10_2024-06-16,1
10_2024-06-17,1
10_2024-06-18,1
10_2024-06-19,1
10_2024-06-20,1
10_2024-06-21,1
10_2024-06-22,1
10_2024-06-23,1
10_2024-06-24,1
10_2024-06-25,1
10_2024-06-26,1
10_2024-06-27,1
10_2024-06-28,1
10_2024-06-29,1
10_2024-06-30,1
10_2024-07-01,1
10_2024-07-02,1
10_2024-07-03,1
10_2024-07-04,1
10_2024-07-05,1
10_2024-07-06,1
10_2024-07-07,1
10_2024-07-08,1
10_2024-07-09,1
10_2024-07-10,1
10_2024-07-11,1
10_2024-07-12,1
10_2024-07-13,1
10_2024-07-14,1
10_2024-07-15,1
10_2024-07-16,1
10_2024-07-17,1
10_2024-07-18,1
10_2024-07-19,1
10_2024-07-20,1
10_2024-07-21,1
10_2024-07-22,1
10_2024-07-23,1
10_2024-07-24,1
10_2024-07-25,1
10_2024-07-26,1
10_2024-07-27,1
10_2024-07-28,1
10_2024-07-29,1
10_2024-07-30,1
11_2024-04-07,1
11_2024-04-08,1
11_2024-04-09,1
11_2024-04-10,1
11_2024-04-11,1
11_2024-04-12,1
11_2024-04-13,1
11_2024-04-14,1
11_2024-04-15,1
11_2024-04-16,1
11_2024-04-17,1
11_2024-04-18,1
11_2024-04-19,1
11_2024-04-20,1
11_2024-04-21,1
11_2024-04-22,1
11_2024-04-23,1
11_2024-04-24,1
11_2024-04-25,1
11_2024-04-26,1
11_2024-04-27,1
11_2024-04-28,1
11_2024-04-29,1
11_2024-04-30,1
11_2024-05-01,1
11_2024-05-02,1
11_2024-05-03,1
11_2024-05-04,1
11_2024-05-05,1
11_2024-05-06,1
11_2024-05-07,1
11_2024-05-08,1
11_2024-05-09,1
11_2024-05-10,1
11_2024-05-11,1
11_2024-05-12,1
11_2024-05-13,1
11_2024-05-14,1
11_2024-05-15,1
11_2024-05-16,1
11_2024-05-17,1
11_2024-05-18,1
11_2024-05-19,1
11_2024-05-20,1
11_2024-05-21,1
11_2024-05-22,1
11_2024-05-23,1
11_2024-05-24,1
11_2024-05-25,1
11_2024-05-26,1
11_2024-05-27,1
11_2024-05-28,1
11_2024-05-29,1
11_2024-05-30,1
11_2024-05-31,1
11_2024-06-01,1
11_2024-06-02,1
11_2024-06-03,1
11_2024-06-04,1
11_2024-06-05,1
11_2024-06-06,1
11_2024-06-07,1
11_2024-06-08,1
11_2024-06-09,1
11_2024-06-10,1
11_2024-06-11,1
11_2024-06-12,1
11_2024-06-13,1
11_2024-06-14,1
11_2024-06-15,1
11_2024-06-16,1
11_2024-06-17,1
11_2024-06-18,1
11_2024-06-19,1
11_2024-06-20,1
11_2024-06-21,1
11_2024-06-22,1
11_2024-06-23,1
11_2024-06-24,1
11_2024-06-25,1
11_2024-06-26,1
11_2024-06-27,1
11_2024-06-28,1
11_2024-06-29,1
11_2024-06-30,1
11_2024-07-01,1
11_2024-07-02,1
11_2024-07-03,1
11_2024-07-04,1
11_2024-07-05,1
11_2024-07-06,1
11_2024-07-07,1
11_2024-07-08,1
11_2024-07-09,1
11_2024-07-10,1
11_2024-07-11,1
11_2024-07-12,1
11_2024-07-13,1
11_2024-07-14,1
11_2024-07-15,1
11_2024-07-16,1
11_2024-07-17,1
11_2024-07-18,1
11_2024-07-19,1
11_2024-07-20,1
11_2024-07-21,1
11_2024-07-22,1
11_2024-07-23,1
11_2024-07-24,1
11_2024-07-25,1
11_2024-07-26,1
11_2024-07-27,1
11_2024-07-28,1
11_2024-07-29,1
11_2024-07-30,1
12_2024-04-07,1
12_2024-04-08,1
12_2024-04-09,1
12_2024-04-10,1
12_2024-04-11,1
12_2024-04-12,1
12_2024-04-13,1
12_2024-04-14,1
12_2024-04-15,1
12_2024-04-16,1
12_2024-04-17,1
12_2024-04-18,1
12_2024-04-19,1
12_2024-04-20,1
12_2024-04-21,1
12_2024-04-22,1
12_2024-04-23,1
12_2024-04-24,1
12_2024-04-25,1
12_2024-04-26,1
12_2024-04-27,1
12_2024-04-28,1
12_2024-04-29,1
12_2024-04-30,1
12_2024-05-01,1
12_2024-05-02,1
12_2024-05-03,1
12_2024-05-04,1
12_2024-05-05,1
12_2024-05-06,1
12_2024-05-07,1
12_2024-05-08,1
12_2024-05-09,1
12_2024-05-10,1
12_2024-05-11,1
12_2024-05-12,1
12_2024-05-13,1
12_2024-05-14,1
12_2024-05-15,1
12_2024-05-16,1
12_2024-05-17,1
12_2024-05-18,1
12_2024-05-19,1
12_2024-05-20,1
12_2024-05-21,1
12_2024-05-22,1
12_2024-05-23,1
12_2024-05-24,1
12_2024-05-25,1
12_2024-05-26,1
12_2024-05-27,1
12_2024-05-28,1
12_2024-05-29,1
12_2024-05-30,1
12_2024-05-31,1
12_2024-06-01,1
12_2024-06-02,1
12_2024-06-03,1
12_2024-06-04,1
12_2024-06-05,1
12_2024-06-06,1
12_2024-06-07,1
12_2024-06-08,1
12_2024-06-09,1
12_2024-06-10,1
12_2024-06-11,1
12_2024-06-12,1
12_2024-06-13,1
12_2024-06-14,1
12_2024-06-15,1
12_2024-06-16,1
12_2024-06-17,1
12_2024-06-18,1
12_2024-06-19,1
12_2024-06-20,1
12_2024-06-21,1
12_2024-06-22,1
12_2024-06-23,1
12_2024-06-24,1
12_2024-06-25,1
12_2024-06-26,1
12_2024-06-27,1
12_2024-06-28,1
12_2024-06-29,1
12_2024-06-30,1
12_2024-07-01,1
12_2024-07-02,1
12_2024-07-03,1
12_2024-07-04,1
12_2024-07-05,1
12_2024-07-06,1
12_2024-07-07,1
12_2024-07-08,1
12_2024-07-09,1
12_2024-07-10,1
12_2024-07-11,1
12_2024-07-12,1
12_2024-07-13,1
12_2024-07-14,1
12_2024-07-15,1
12_2024-07-16,1
12_2024-07-17,1
12_2024-07-18,1
12_2024-07-19,1
12_2024-07-20,1
12_2024-07-21,1
12_2024-07-22,1
12_2024-07-23,1
12_2024-07-24,1
12_2024-07-25,1
12_2024-07-26,1
12_2024-07-27,1
12_2024-07-28,1
12_2024-07-29,1
12_2024-07-30,1
13_2024-04-07,1
13_2024-04-08,1
13_2024-04-09,1
13_2024-04-10,1
13_2024-04-11,1
13_2024-04-12,1
13_2024-04-13,1
13_2024-04-14,1
13_2024-04-15,1
13_2024-04-16,1
13_2024-04-17,1
13_2024-04-18,1
13_2024-04-19,1
13_2024-04-20,1
13_2024-04-21,1
13_2024-04-22,1
13_2024-04-23,1
13_2024-04-24,1
13_2024-04-25,1
13_2024-04-26,1
13_2024-04-27,1
13_2024-04-28,1
13_2024-04-29,1
13_2024-04-30,1
13_2024-05-01,1
13_2024-05-02,1
13_2024-05-03,1
13_2024-05-04,1
13_2024-05-05,1
13_2024-05-06,1
13_2024-05-07,1
13_2024-05-08,1
13_2024-05-09,1
13_2024-05-10,1
13_2024-05-11,1
13_2024-05-12,1
13_2024-05-13,1
13_2024-05-14,1
13_2024-05-15,1
13_2024-05-16,1
13_2024-05-17,1
13_2024-05-18,1
13_2024-05-19,1
13_2024-05-20,1
13_2024-05-21,1
13_2024-05-22,1
13_2024-05-23,1
13_2024-05-24,1
13_2024-05-25,1
13_2024-05-26,1
13_2024-05-27,1
13_2024-05-28,1
13_2024-05-29,1
13_2024-05-30,1
13_2024-05-31,1
13_2024-06-01,1
13_2024-06-02,1
13_2024-06-03,1
13_2024-06-04,1
13_2024-06-05,1
13_2024-06-06,1
13_2024-06-07,1
13_2024-06-08,1
13_2024-06-09,1
13_2024-06-10,1
13_2024-06-11,1
13_2024-06-12,1
13_2024-06-13,1
13_2024-06-14,1
13_2024-06-15,1
13_2024-06-16,1
13_2024-06-17,1
13_2024-06-18,1
13_2024-06-19,1
13_2024-06-20,1
13_2024-06-21,1
13_2024-06-22,1
13_2024-06-23,1
13_2024-06-24,1
13_2024-06-25,1
13_2024-06-26,1
13_2024-06-27,1
13_2024-06-28,1
13_2024-06-29,1
13_2024-06-30,1
13_2024-07-01,1
13_2024-07-02,1
13_2024-07-03,1
13_2024-07-04,1
13_2024-07-05,1
13_2024-07-06,1
13_2024-07-07,1
13_2024-07-08,1
13_2024-07-09,1
13_2024-07-10,1
13_2024-07-11,1
13_2024-07-12,1
13_2024-07-13,1
13_2024-07-14,1
13_2024-07-15,1
13_2024-07-16,1
13_2024-07-17,1
13_2024-07-18,1
13_2024-07-19,1
13_2024-07-20,1
13_2024-07-21,1
13_2024-07-22,1
13_2024-07-23,1
13_2024-07-24,1
13_2024-07-25,1
13_2024-07-26,1
13_2024-07-27,1
13_2024-07-28,1
13_2024-07-29,1
13_2024-07-30,1
14_2024-04-07,1
14_2024-04-08,1
14_2024-04-09,1
14_2024-04-10,1
14_2024-04-11,1
14_2024-04-12,1
14_2024-04-13,1
14_2024-04-14,1
14_2024-04-15,1
14_2024-04-16,1
14_2024-04-17,1
14_2024-04-18,1
14_2024-04-19,1
14_2024-04-20,1
14_2024-04-21,1
14_2024-04-22,1
14_2024-04-23,1
14_2024-04-24,1
14_2024-04-25,1
14_2024-04-26,1
14_2024-04-27,1
14_2024-04-28,1
14_2024-04-29,1
14_2024-04-30,1
14_2024-05-01,1
14_2024-05-02,1
14_2024-05-03,1
14_2024-05-04,1
14_2024-05-05,1
14_2024-05-06,1
14_2024-05-07,1
14_2024-05-08,1
14_2024-05-09,1
14_2024-05-10,1
14_2024-05-11,1
14_2024-05-12,1
14_2024-05-13,1
14_2024-05-14,1
14_2024-05-15,1
14_2024-05-16,1
14_2024-05-17,1
14_2024-05-18,1
14_2024-05-19,1
14_2024-05-20,1
14_2024-05-21,1
14_2024-05-22,1
14_2024-05-23,1
14_2024-05-24,1
14_2024-05-25,1
14_2024-05-26,1
14_2024-05-27,1
14_2024-05-28,1
14_2024-05-29,1
14_2024-05-30,1
14_2024-05-31,1
14_2024-06-01,1
14_2024-06-02,1
14_2024-06-03,1
14_2024-06-04,1
14_2024-06-05,1
14_2024-06-06,1
14_2024-06-07,1
14_2024-06-08,1
14_2024-06-09,1
14_2024-06-10,1
14_2024-06-11,1
14_2024-06-12,1
14_2024-06-13,1
14_2024-06-14,1
14_2024-06-15,1
14_2024-06-16,1
14_2024-06-17,1
14_2024-06-18,1
14_2024-06-19,1
14_2024-06-20,1
14_2024-06-21,1
14_2024-06-22,1
14_2024-06-23,1
14_2024-06-24,1
14_2024-06-25,1
14_2024-06-26,1
14_2024-06-27,1
14_2024-06-28,1
14_2024-06-29,1
14_2024-06-30,1
14_2024-07-01,1
14_2024-07-02,1
14_2024-07-03,1
14_2024-07-04,1
14_2024-07-05,1
14_2024-07-06,1
14_2024-07-07,1
14_2024-07-08,1
14_2024-07-09,1
14_2024-07-10,1
14_2024-07-11,1
14_2024-07-12,1
14_2024-07-13,1
14_2024-07-14,1
14_2024-07-15,1
14_2024-07-16,1
14_2024-07-17,1
14_2024-07-18,1
14_2024-07-19,1
14_2024-07-20,1
14_2024-07-21,1
14_2024-07-22,1
14_2024-07-23,1
14_2024-07-24,1
14_2024-07-25,1
14_2024-07-26,1
14_2024-07-27,1
14_2024-07-28,1
14_2024-07-29,1
14_2024-07-30,1
15_2024-04-07,1
15_2024-04-08,1
15_2024-04-09,1
15_2024-04-10,1
15_2024-04-11,1
15_2024-04-12,1
15_2024-04-13,1
15_2024-04-14,1
15_2024-04-15,1
15_2024-04-16,1
15_2024-04-17,1
15_2024-04-18,1
15_2024-04-19,1
15_2024-04-20,1
15_2024-04-21,1
15_2024-04-22,1
15_2024-04-23,1
15_2024-04-24,1
15_2024-04-25,1
15_2024-04-26,1
15_2024-04-27,1
15_2024-04-28,1
15_2024-04-29,1
15_2024-04-30,1
15_2024-05-01,1
15_2024-05-02,1
15_2024-05-03,1
15_2024-05-04,1
15_2024-05-05,1
15_2024-05-06,1
15_2024-05-07,1
15_2024-05-08,1
15_2024-05-09,1
15_2024-05-10,1
15_2024-05-11,1
15_2024-05-12,1
15_2024-05-13,1
15_2024-05-14,1
15_2024-05-15,1
15_2024-05-16,1
15_2024-05-17,1
15_2024-05-18,1
15_2024-05-19,1
15_2024-05-20,1
15_2024-05-21,1
15_2024-05-22,1
15_2024-05-23,1
15_2024-05-24,1
15_2024-05-25,1
15_2024-05-26,1
15_2024-05-27,1
15_2024-05-28,1
15_2024-05-29,1
15_2024-05-30,1
15_2024-05-31,1
15_2024-06-01,1
15_2024-06-02,1
15_2024-06-03,1
15_2024-06-04,1
15_2024-06-05,1
15_2024-06-06,1
15_2024-06-07,1
15_2024-06-08,1
15_2024-06-09,1
15_2024-06-10,1
15_2024-06-11,1
15_2024-06-12,1
15_2024-06-13,1
15_2024-06-14,1
15_2024-06-15,1
15_2024-06-16,1
15_2024-06-17,1
15_2024-06-18,1
15_2024-06-19,1
15_2024-06-20,1
15_2024-06-21,1
15_2024-06-22,1
15_2024-06-23,1
15_2024-06-24,1
15_2024-06-25,1
15_2024-06-26,1
15_2024-06-27,1
15_2024-06-28,1
15_2024-06-29,1
15_2024-06-30,1
15_2024-07-01,1
15_2024-07-02,1
15_2024-07-03,1
15_2024-07-04,1
15_2024-07-05,1
15_2024-07-06,1
15_2024-07-07,1
15_2024-07-08,1
15_2024-07-09,1
15_2024-07-10,1
15_2024-07-11,1
15_2024-07-12,1
15_2024-07-13,1
15_2024-07-14,1
15_2024-07-15,1
15_2024-07-16,1
15_2024-07-17,1
15_2024-07-18,1
15_2024-07-19,1
15_2024-07-20,1
15_2024-07-21,1
15_2024-07-22,1
15_2024-07-23,1
15_2024-07-24,1
15_2024-07-25,1
15_2024-07-26,1
15_2024-07-27,1
15_2024-07-28,1
15_2024-07-29,1
15_2024-07-30,1
16_2024-04-07,1
16_2024-04-08,1
16_2024-04-09,1
16_2024-04-10,1
16_2024-04-11,1
16_2024-04-12,1
16_2024-04-13,1
16_2024-04-14,1
16_2024-04-15,1
16_2024-04-16,1
16_2024-04-17,1
16_2024-04-18,1
16_2024-04-19,1
16_2024-04-20,1
16_2024-04-21,1
16_2024-04-22,1
16_2024-04-23,1
16_2024-04-24,1
16_2024-04-25,1
16_2024-04-26,1
16_2024-04-27,1
16_2024-04-28,1
16_2024-04-29,1
16_2024-04-30,1
16_2024-05-01,1
16_2024-05-02,1
16_2024-05-03,1
16_2024-05-04,1
16_2024-05-05,1
16_2024-05-06,1
16_2024-05-07,1
16_2024-05-08,1
16_2024-05-09,1
16_2024-05-10,1
16_2024-05-11,1
16_2024-05-12,1
16_2024-05-13,1
16_2024-05-14,1
16_2024-05-15,1
16_2024-05-16,1
16_2024-05-17,1
16_2024-05-18,1
16_2024-05-19,1
16_2024-05-20,1
16_2024-05-21,1
16_2024-05-22,1
16_2024-05-23,1
16_2024-05-24,1
16_2024-05-25,1
16_2024-05-26,1
16_2024-05-27,1
16_2024-05-28,1
16_2024-05-29,1
16_2024-05-30,1
16_2024-05-31,1
16_2024-06-01,1
16_2024-06-02,1
16_2024-06-03,1
16_2024-06-04,1
16_2024-06-05,1
16_2024-06-06,1
16_2024-06-07,1
16_2024-06-08,1
16_2024-06-09,1
16_2024-06-10,1
16_2024-06-11,1
16_2024-06-12,1
16_2024-06-13,1
16_2024-06-14,1
16_2024-06-15,1
16_2024-06-16,1
16_2024-06-17,1
16_2024-06-18,1
16_2024-06-19,1
16_2024-06-20,1
16_2024-06-21,1
16_2024-06-22,1
16_2024-06-23,1
16_2024-06-24,1
16_2024-06-25,1
16_2024-06-26,1
16_2024-06-27,1
16_2024-06-28,1
16_2024-06-29,1
16_2024-06-30,1
16_2024-07-01,1
16_2024-07-02,1
16_2024-07-03,1
16_2024-07-04,1
16_2024-07-05,1
16_2024-07-06,1
16_2024-07-07,1
16_2024-07-08,1
16_2024-07-09,1
16_2024-07-10,1
16_2024-07-11,1
16_2024-07-12,1
16_2024-07-13,1
16_2024-07-14,1
16_2024-07-15,1
16_2024-07-16,1
16_2024-07-17,1
16_2024-07-18,1
16_2024-07-19,1
16_2024-07-20,1
16_2024-07-21,1
16_2024-07-22,1
16_2024-07-23,1
16_2024-07-24,1
16_2024-07-25,1
16_2024-07-26,1
16_2024-07-27,1
16_2024-07-28,1
16_2024-07-29,1
16_2024-07-30,1
17_2024-04-07,1
17_2024-04-08,1
17_2024-04-09,1
17_2024-04-10,1
17_2024-04-11,1
17_2024-04-12,1
17_2024-04-13,1
17_2024-04-14,1
17_2024-04-15,1
17_2024-04-16,1
17_2024-04-17,1
17_2024-04-18,1
17_2024-04-19,1
17_2024-04-20,1
17_2024-04-21,1
17_2024-04-22,1
17_2024-04-23,1
17_2024-04-24,1
17_2024-04-25,1
17_2024-04-26,1
17_2024-04-27,1
17_2024-04-28,1
17_2024-04-29,1
17_2024-04-30,1
17_2024-05-01,1
17_2024-05-02,1
17_2024-05-03,1
17_2024-05-04,1
17_2024-05-05,1
17_2024-05-06,1
17_2024-05-07,1
17_2024-05-08,1
17_2024-05-09,1
17_2024-05-10,1
17_2024-05-11,1
17_2024-05-12,1
17_2024-05-13,1
17_2024-05-14,1
17_2024-05-15,1
17_2024-05-16,1
17_2024-05-17,1
17_2024-05-18,1
17_2024-05-19,1
17_2024-05-20,1
17_2024-05-21,1
17_2024-05-22,1
17_2024-05-23,1
17_2024-05-24,1
17_2024-05-25,1
17_2024-05-26,1
17_2024-05-27,1
17_2024-05-28,1
17_2024-05-29,1
17_2024-05-30,1
17_2024-05-31,1
17_2024-06-01,1
17_2024-06-02,1
17_2024-06-03,1
17_2024-06-04,1
17_2024-06-05,1
17_2024-06-06,1
17_2024-06-07,1
17_2024-06-08,1
17_2024-06-09,1
17_2024-06-10,1
17_2024-06-11,1
17_2024-06-12,1
17_2024-06-13,1
17_2024-06-14,1
17_2024-06-15,1
17_2024-06-16,1
17_2024-06-17,1
17_2024-06-18,1
17_2024-06-19,1
17_2024-06-20,1
17_2024-06-21,1
17_2024-06-22,1
17_2024-06-23,1
17_2024-06-24,1
17_2024-06-25,1
17_2024-06-26,1
17_2024-06-27,1
17_2024-06-28,1
17_2024-06-29,1
17_2024-06-30,1
17_2024-07-01,1
17_2024-07-02,1
17_2024-07-03,1
17_2024-07-04,1
17_2024-07-05,1
17_2024-07-06,1
17_2024-07-07,1
17_2024-07-08,1
17_2024-07-09,1
17_2024-07-10,1
17_2024-07-11,1
17_2024-07-12,1
17_2024-07-13,1
17_2024-07-14,1
17_2024-07-15,1
17_2024-07-16,1
17_2024-07-17,1
17_2024-07-18,1
17_2024-07-19,1
17_2024-07-20,1
17_2024-07-21,1
17_2024-07-22,1
17_2024-07-23,1
17_2024-07-24,1
17_2024-07-25,1
17_2024-07-26,1
17_2024-07-27,1
17_2024-07-28,1
17_2024-07-29,1
17_2024-07-30,1
18_2024-04-07,1
18_2024-04-08,1
18_2024-04-09,1
18_2024-04-10,1
18_2024-04-11,1
18_2024-04-12,1
18_2024-04-13,1
18_2024-04-14,1
18_2024-04-15,1
18_2024-04-16,1
18_2024-04-17,1
18_2024-04-18,1
18_2024-04-19,1
18_2024-04-20,1
18_2024-04-21,1
18_2024-04-22,1
18_2024-04-23,1
18_2024-04-24,1
18_2024-04-25,1
18_2024-04-26,1
18_2024-04-27,1
18_2024-04-28,1
18_2024-04-29,1
18_2024-04-30,1
18_2024-05-01,1
18_2024-05-02,1
18_2024-05-03,1
18_2024-05-04,1
18_2024-05-05,1
18_2024-05-06,1
18_2024-05-07,1
18_2024-05-08,1
18_2024-05-09,1
18_2024-05-10,1
18_2024-05-11,1
18_2024-05-12,1
18_2024-05-13,1
18_2024-05-14,1
18_2024-05-15,1
18_2024-05-16,1
18_2024-05-17,1
18_2024-05-18,1
18_2024-05-19,1
18_2024-05-20,1
18_2024-05-21,1
18_2024-05-22,1
18_2024-05-23,1
18_2024-05-24,1
18_2024-05-25,1
18_2024-05-26,1
18_2024-05-27,1
18_2024-05-28,1
18_2024-05-29,1
18_2024-05-30,1
18_2024-05-31,1
18_2024-06-01,1
18_2024-06-02,1
18_2024-06-03,1
18_2024-06-04,1
18_2024-06-05,1
18_2024-06-06,1
18_2024-06-07,1
18_2024-06-08,1
18_2024-06-09,1
18_2024-06-10,1
18_2024-06-11,1
18_2024-06-12,1
18_2024-06-13,1
18_2024-06-14,1
18_2024-06-15,1
18_2024-06-16,1
18_2024-06-17,1
18_2024-06-18,1
18_2024-06-19,1
18_2024-06-20,1
18_2024-06-21,1
18_2024-06-22,1
18_2024-06-23,1
18_2024-06-24,1
18_2024-06-25,1
18_2024-06-26,1
18_2024-06-27,1
18_2024-06-28,1
18_2024-06-29,1
18_2024-06-30,1
18_2024-07-01,1
18_2024-07-02,1
18_2024-07-03,1
18_2024-07-04,1
18_2024-07-05,1
18_2024-07-06,1
18_2024-07-07,1
18_2024-07-08,1
18_2024-07-09,1
18_2024-07-10,1
18_2024-07-11,1
18_2024-07-12,1
18_2024-07-13,1
18_2024-07-14,1
18_2024-07-15,1
18_2024-07-16,1
18_2024-07-17,1
18_2024-07-18,1
18_2024-07-19,1
18_2024-07-20,1
18_2024-07-21,1
18_2024-07-22,1
18_2024-07-23,1
18_2024-07-24,1
18_2024-07-25,1
18_2024-07-26,1
18_2024-07-27,1
18_2024-07-28,1
18_2024-07-29,1
18_2024-07-30,1
19_2024-04-07,1
19_2024-04-08,1
19_2024-04-09,1
19_2024-04-10,1
19_2024-04-11,1
19_2024-04-12,1
19_2024-04-13,1
19_2024-04-14,1
19_2024-04-15,1
19_2024-04-16,1
19_2024-04-17,1
19_2024-04-18,1
19_2024-04-19,1
19_2024-04-20,1
19_2024-04-21,1
19_2024-04-22,1
19_2024-04-23,1
19_2024-04-24,1
19_2024-04-25,1
19_2024-04-26,1
19_2024-04-27,1
19_2024-04-28,1
19_2024-04-29,1
19_2024-04-30,1
19_2024-05-01,1
19_2024-05-02,1
19_2024-05-03,1
19_2024-05-04,1
19_2024-05-05,1
19_2024-05-06,1
19_2024-05-07,1
19_2024-05-08,1
19_2024-05-09,1
19_2024-05-10,1
19_2024-05-11,1
19_2024-05-12,1
19_2024-05-13,1
19_2024-05-14,1
19_2024-05-15,1
19_2024-05-16,1
19_2024-05-17,1
19_2024-05-18,1
19_2024-05-19,1
19_2024-05-20,1
19_2024-05-21,1
19_2024-05-22,1
19_2024-05-23,1
19_2024-05-24,1
19_2024-05-25,1
19_2024-05-26,1
19_2024-05-27,1
19_2024-05-28,1
19_2024-05-29,1
19_2024-05-30,1
19_2024-05-31,1
19_2024-06-01,1
19_2024-06-02,1
19_2024-06-03,1
19_2024-06-04,1
19_2024-06-05,1
19_2024-06-06,1
19_2024-06-07,1
19_2024-06-08,1
19_2024-06-09,1
19_2024-06-10,1
19_2024-06-11,1
19_2024-06-12,1
19_2024-06-13,1
19_2024-06-14,1
19_2024-06-15,1
19_2024-06-16,1
19_2024-06-17,1
19_2024-06-18,1
19_2024-06-19,1
19_2024-06-20,1
19_2024-06-21,1
19_2024-06-22,1
19_2024-06-23,1
19_2024-06-24,1
19_2024-06-25,1
19_2024-06-26,1
19_2024-06-27,1
19_2024-06-28,1
19_2024-06-29,1
19_2024-06-30,1
19_2024-07-01,1
19_2024-07-02,1
19_2024-07-03,1
19_2024-07-04,1
19_2024-07-05,1
19_2024-07-06,1
19_2024-07-07,1
19_2024-07-08,1
19_2024-07-09,1
19_2024-07-10,1
19_2024-07-11,1
19_2024-07-12,1
19_2024-07-13,1
19_2024-07-14,1
19_2024-07-15,1
19_2024-07-16,1
19_2024-07-17,1
19_2024-07-18,1
19_2024-07-19,1
19_2024-07-20,1
19_2024-07-21,1
19_2024-07-22,1
19_2024-07-23,1
19_2024-07-24,1
19_2024-07-25,1
19_2024-07-26,1
19_2024-07-27,1
19_2024-07-28,1
19_2024-07-29,1
19_2024-07-30,1
20_2024-04-07,1
20_2024-04-08,1
20_2024-04-09,1
20_2024-04-10,1
20_2024-04-11,1
20_2024-04-12,1
20_2024-04-13,1
20_2024-04-14,1
20_2024-04-15,1
20_2024-04-16,1
20_2024-04-17,1
20_2024-04-18,1
20_2024-04-19,1
20_2024-04-20,1
20_2024-04-21,1
20_2024-04-22,1
20_2024-04-23,1
20_2024-04-24,1
20_2024-04-25,1
20_2024-04-26,1
20_2024-04-27,1
20_2024-04-28,1
20_2024-04-29,1
20_2024-04-30,1
20_2024-05-01,1
20_2024-05-02,1
20_2024-05-03,1
20_2024-05-04,1
20_2024-05-05,1
20_2024-05-06,1
20_2024-05-07,1
20_2024-05-08,1
20_2024-05-09,1
20_2024-05-10,1
20_2024-05-11,1
20_2024-05-12,1
20_2024-05-13,1
20_2024-05-14,1
20_2024-05-15,1
20_2024-05-16,1
20_2024-05-17,1
20_2024-05-18,1
20_2024-05-19,1
20_2024-05-20,1
20_2024-05-21,1
20_2024-05-22,1
20_2024-05-23,1
20_2024-05-24,1
20_2024-05-25,1
20_2024-05-26,1
20_2024-05-27,1
20_2024-05-28,1
20_2024-05-29,1
20_2024-05-30,1
20_2024-05-31,1
20_2024-06-01,1
20_2024-06-02,1
20_2024-06-03,1
20_2024-06-04,1
20_2024-06-05,1
20_2024-06-06,1
20_2024-06-07,1
20_2024-06-08,1
20_2024-06-09,1
20_2024-06-10,1
20_2024-06-11,1
20_2024-06-12,1
20_2024-06-13,1
20_2024-06-14,1
20_2024-06-15,1
20_2024-06-16,1
20_2024-06-17,1
20_2024-06-18,1
20_2024-06-19,1
20_2024-06-20,1
20_2024-06-21,1
20_2024-06-22,1
20_2024-06-23,1
20_2024-06-24,1
20_2024-06-25,1
20_2024-06-26,1
20_2024-06-27,1
20_2024-06-28,1
20_2024-06-29,1
20_2024-06-30,1
20_2024-07-01,1
20_2024-07-02,1
20_2024-07-03,1
20_2024-07-04,1
20_2024-07-05,1
20_2024-07-06,1
20_2024-07-07,1
20_2024-07-08,1
20_2024-07-09,1
20_2024-07-10,1
20_2024-07-11,1
20_2024-07-12,1
20_2024-07-13,1
20_2024-07-14,1
20_2024-07-15,1
20_2024-07-16,1
20_2024-07-17,1
20_2024-07-18,1
20_2024-07-19,1
20_2024-07-20,1
20_2024-07-21,1
20_2024-07-22,1
20_2024-07-23,1
20_2024-07-24,1
20_2024-07-25,1
20_2024-07-26,1
20_2024-07-27,1
20_2024-07-28,1
20_2024-07-29,1
20_2024-07-30,1
21_2024-04-07,1
21_2024-04-08,1
21_2024-04-09,1
21_2024-04-10,1
21_2024-04-11,1
21_2024-04-12,1
21_2024-04-13,1
21_2024-04-14,1
21_2024-04-15,1
21_2024-04-16,1
21_2024-04-17,1
21_2024-04-18,1
21_2024-04-19,1
21_2024-04-20,1
21_2024-04-21,1
21_2024-04-22,1
21_2024-04-23,1
21_2024-04-24,1
21_2024-04-25,1
21_2024-04-26,1
21_2024-04-27,1
21_2024-04-28,1
21_2024-04-29,1
21_2024-04-30,1
21_2024-05-01,1
21_2024-05-02,1
21_2024-05-03,1
21_2024-05-04,1
21_2024-05-05,1
21_2024-05-06,1
21_2024-05-07,1
21_2024-05-08,1
21_2024-05-09,1
21_2024-05-10,1
21_2024-05-11,1
21_2024-05-12,1
21_2024-05-13,1
21_2024-05-14,1
21_2024-05-15,1
21_2024-05-16,1
21_2024-05-17,1
21_2024-05-18,1
21_2024-05-19,1
21_2024-05-20,1
21_2024-05-21,1
21_2024-05-22,1
21_2024-05-23,1
21_2024-05-24,1
21_2024-05-25,1
21_2024-05-26,1
21_2024-05-27,1
21_2024-05-28,1
21_2024-05-29,1
21_2024-05-30,1
21_2024-05-31,1
21_2024-06-01,1
21_2024-06-02,1
21_2024-06-03,1
21_2024-06-04,1
21_2024-06-05,1
21_2024-06-06,1
21_2024-06-07,1
21_2024-06-08,1
21_2024-06-09,1
21_2024-06-10,1
21_2024-06-11,1
21_2024-06-12,1
21_2024-06-13,1
21_2024-06-14,1
21_2024-06-15,1
21_2024-06-16,1
21_2024-06-17,1
21_2024-06-18,1
21_2024-06-19,1
21_2024-06-20,1
21_2024-06-21,1
21_2024-06-22,1
21_2024-06-23,1
21_2024-06-24,1
21_2024-06-25,1
21_2024-06-26,1
21_2024-06-27,1
21_2024-06-28,1
21_2024-06-29,1
21_2024-06-30,1
21_2024-07-01,1
21_2024-07-02,1
21_2024-07-03,1
21_2024-07-04,1
21_2024-07-05,1
21_2024-07-06,1
21_2024-07-07,1
21_2024-07-08,1
21_2024-07-09,1
21_2024-07-10,1
21_2024-07-11,1
21_2024-07-12,1
21_2024-07-13,1
21_2024-07-14,1
21_2024-07-15,1
21_2024-07-16,1
21_2024-07-17,1
21_2024-07-18,1
21_2024-07-19,1
21_2024-07-20,1
21_2024-07-21,1
21_2024-07-22,1
21_2024-07-23,1
21_2024-07-24,1
21_2024-07-25,1
21_2024-07-26,1
21_2024-07-27,1
21_2024-07-28,1
21_2024-07-29,1
21_2024-07-30,1
22_2024-04-07,1
22_2024-04-08,1
22_2024-04-09,1
22_2024-04-10,1
22_2024-04-11,1
22_2024-04-12,1
22_2024-04-13,1
22_2024-04-14,1
22_2024-04-15,1
22_2024-04-16,1
22_2024-04-17,1
22_2024-04-18,1
22_2024-04-19,1
22_2024-04-20,1
22_2024-04-21,1
22_2024-04-22,1
22_2024-04-23,1
22_2024-04-24,1
22_2024-04-25,1
22_2024-04-26,1
22_2024-04-27,1
22_2024-04-28,1
22_2024-04-29,1
22_2024-04-30,1
22_2024-05-01,1
22_2024-05-02,1
22_2024-05-03,1
22_2024-05-04,1
22_2024-05-05,1
22_2024-05-06,1
22_2024-05-07,1
22_2024-05-08,1
22_2024-05-09,1
22_2024-05-10,1
22_2024-05-11,1
22_2024-05-12,1
22_2024-05-13,1
22_2024-05-14,1
22_2024-05-15,1
22_2024-05-16,1
22_2024-05-17,1
22_2024-05-18,1
22_2024-05-19,1
22_2024-05-20,1
22_2024-05-21,1
22_2024-05-22,1
22_2024-05-23,1
22_2024-05-24,1
22_2024-05-25,1
22_2024-05-26,1
22_2024-05-27,1
22_2024-05-28,1
22_2024-05-29,1
22_2024-05-30,1
22_2024-05-31,1
22_2024-06-01,1
22_2024-06-02,1
22_2024-06-03,1
22_2024-06-04,1
22_2024-06-05,1
22_2024-06-06,1
22_2024-06-07,1
22_2024-06-08,1
22_2024-06-09,1
22_2024-06-10,1
22_2024-06-11,1
22_2024-06-12,1
22_2024-06-13,1
22_2024-06-14,1
22_2024-06-15,1
22_2024-06-16,1
22_2024-06-17,1
22_2024-06-18,1
22_2024-06-19,1
22_2024-06-20,1
22_2024-06-21,1
22_2024-06-22,1
22_2024-06-23,1
22_2024-06-24,1
22_2024-06-25,1
22_2024-06-26,1
22_2024-06-27,1
22_2024-06-28,1
22_2024-06-29,1
22_2024-06-30,1
22_2024-07-01,1
22_2024-07-02,1
22_2024-07-03,1
22_2024-07-04,1
22_2024-07-05,1
22_2024-07-06,1
22_2024-07-07,1
22_2024-07-08,1
22_2024-07-09,1
22_2024-07-10,1
22_2024-07-11,1
22_2024-07-12,1
22_2024-07-13,1
22_2024-07-14,1
22_2024-07-15,1
22_2024-07-16,1
22_2024-07-17,1
22_2024-07-18,1
22_2024-07-19,1
22_2024-07-20,1
22_2024-07-21,1
22_2024-07-22,1
22_2024-07-23,1
22_2024-07-24,1
22_2024-07-25,1
22_2024-07-26,1
22_2024-07-27,1
22_2024-07-28,1
22_2024-07-29,1
22_2024-07-30,1
23_2024-04-07,1
23_2024-04-08,1
23_2024-04-09,1
23_2024-04-10,1
23_2024-04-11,1
23_2024-04-12,1
23_2024-04-13,1
23_2024-04-14,1
23_2024-04-15,1
23_2024-04-16,1
23_2024-04-17,1
23_2024-04-18,1
23_2024-04-19,1
23_2024-04-20,1
23_2024-04-21,1
23_2024-04-22,1
23_2024-04-23,1
23_2024-04-24,1
23_2024-04-25,1
23_2024-04-26,1
23_2024-04-27,1
23_2024-04-28,1
23_2024-04-29,1
23_2024-04-30,1
23_2024-05-01,1
23_2024-05-02,1
23_2024-05-03,1
23_2024-05-04,1
23_2024-05-05,1
23_2024-05-06,1
23_2024-05-07,1
23_2024-05-08,1
23_2024-05-09,1
23_2024-05-10,1
23_2024-05-11,1
23_2024-05-12,1
23_2024-05-13,1
23_2024-05-14,1
23_2024-05-15,1
23_2024-05-16,1
23_2024-05-17,1
23_2024-05-18,1
23_2024-05-19,1
23_2024-05-20,1
23_2024-05-21,1
23_2024-05-22,1
23_2024-05-23,1
23_2024-05-24,1
23_2024-05-25,1
23_2024-05-26,1
23_2024-05-27,1
23_2024-05-28,1
23_2024-05-29,1
23_2024-05-30,1
23_2024-05-31,1
23_2024-06-01,1
23_2024-06-02,1
23_2024-06-03,1
23_2024-06-04,1
23_2024-06-05,1
23_2024-06-06,1
23_2024-06-07,1
23_2024-06-08,1
23_2024-06-09,1
23_2024-06-10,1
23_2024-06-11,1
23_2024-06-12,1
23_2024-06-13,1
23_2024-06-14,1
23_2024-06-15,1
23_2024-06-16,1
23_2024-06-17,1
23_2024-06-18,1
23_2024-06-19,1
23_2024-06-20,1
23_2024-06-21,1
23_2024-06-22,1
23_2024-06-23,1
23_2024-06-24,1
23_2024-06-25,1
23_2024-06-26,1
23_2024-06-27,1
23_2024-06-28,1
23_2024-06-29,1
23_2024-06-30,1
23_2024-07-01,1
23_2024-07-02,1
23_2024-07-03,1
23_2024-07-04,1
23_2024-07-05,1
23_2024-07-06,1
23_2024-07-07,1
23_2024-07-08,1
23_2024-07-09,1
23_2024-07-10,1
23_2024-07-11,1
23_2024-07-12,1
23_2024-07-13,1
23_2024-07-14,1
23_2024-07-15,1
23_2024-07-16,1
23_2024-07-17,1
23_2024-07-18,1
23_2024-07-19,1
23_2024-07-20,1
23_2024-07-21,1
23_2024-07-22,1
23_2024-07-23,1
23_2024-07-24,1
23_2024-07-25,1
23_2024-07-26,1
23_2024-07-27,1
23_2024-07-28,1
23_2024-07-29,1
23_2024-07-30,1
24_2024-04-07,1
24_2024-04-08,1
24_2024-04-09,1
24_2024-04-10,1
24_2024-04-11,1
24_2024-04-12,1
24_2024-04-13,1
24_2024-04-14,1
24_2024-04-15,1
24_2024-04-16,1
24_2024-04-17,1
24_2024-04-18,1
24_2024-04-19,1
24_2024-04-20,1
24_2024-04-21,1
24_2024-04-22,1
24_2024-04-23,1
24_2024-04-24,1
24_2024-04-25,1
24_2024-04-26,1
24_2024-04-27,1
24_2024-04-28,1
24_2024-04-29,1
24_2024-04-30,1
24_2024-05-01,1
24_2024-05-02,1
24_2024-05-03,1
24_2024-05-04,1
24_2024-05-05,1
24_2024-05-06,1
24_2024-05-07,1
24_2024-05-08,1
24_2024-05-09,1
24_2024-05-10,1
24_2024-05-11,1
24_2024-05-12,1
24_2024-05-13,1
24_2024-05-14,1
24_2024-05-15,1
24_2024-05-16,1
24_2024-05-17,1
24_2024-05-18,1
24_2024-05-19,1
24_2024-05-20,1
24_2024-05-21,1
24_2024-05-22,1
24_2024-05-23,1
24_2024-05-24,1
24_2024-05-25,1
24_2024-05-26,1
24_2024-05-27,1
24_2024-05-28,1
24_2024-05-29,1
24_2024-05-30,1
24_2024-05-31,1
24_2024-06-01,1
24_2024-06-02,1
24_2024-06-03,1
24_2024-06-04,1
24_2024-06-05,1
24_2024-06-06,1
24_2024-06-07,1
24_2024-06-08,1
24_2024-06-09,1
24_2024-06-10,1
24_2024-06-11,1
24_2024-06-12,1
24_2024-06-13,1
24_2024-06-14,1
24_2024-06-15,1
24_2024-06-16,1
24_2024-06-17,1
24_2024-06-18,1
24_2024-06-19,1
24_2024-06-20,1
24_2024-06-21,1
24_2024-06-22,1
24_2024-06-23,1
24_2024-06-24,1
24_2024-06-25,1
24_2024-06-26,1
24_2024-06-27,1
24_2024-06-28,1
24_2024-06-29,1
24_2024-06-30,1
24_2024-07-01,1
24_2024-07-02,1
24_2024-07-03,1
24_2024-07-04,1
24_2024-07-05,1
24_2024-07-06,1
24_2024-07-07,1
24_2024-07-08,1
24_2024-07-09,1
24_2024-07-10,1
24_2024-07-11,1
24_2024-07-12,1
24_2024-07-13,1
24_2024-07-14,1
24_2024-07-15,1
24_2024-07-16,1
24_2024-07-17,1
24_2024-07-18,1
24_2024-07-19,1
24_2024-07-20,1
24_2024-07-21,1
24_2024-07-22,1
24_2024-07-23,1
24_2024-07-24,1
24_2024-07-25,1
24_2024-07-26,1
24_2024-07-27,1
24_2024-07-28,1
24_2024-07-29,1
24_2024-07-30,1
25_2024-04-07,1
25_2024-04-08,1
25_2024-04-09,1
25_2024-04-10,1
25_2024-04-11,1
25_2024-04-12,1
25_2024-04-13,1
25_2024-04-14,1
25_2024-04-15,1
25_2024-04-16,1
25_2024-04-17,1
25_2024-04-18,1
25_2024-04-19,1
25_2024-04-20,1
25_2024-04-21,1
25_2024-04-22,1
25_2024-04-23,1
25_2024-04-24,1
25_2024-04-25,1
25_2024-04-26,1
25_2024-04-27,1
25_2024-04-28,1
25_2024-04-29,1
25_2024-04-30,1
25_2024-05-01,1
25_2024-05-02,1
25_2024-05-03,1
25_2024-05-04,1
25_2024-05-05,1
25_2024-05-06,1
25_2024-05-07,1
25_2024-05-08,1
25_2024-05-09,1
25_2024-05-10,1
25_2024-05-11,1
25_2024-05-12,1
25_2024-05-13,1
25_2024-05-14,1
25_2024-05-15,1
25_2024-05-16,1
25_2024-05-17,1
25_2024-05-18,1
25_2024-05-19,1
25_2024-05-20,1
25_2024-05-21,1
25_2024-05-22,1
25_2024-05-23,1
25_2024-05-24,1
25_2024-05-25,1
25_2024-05-26,1
25_2024-05-27,1
25_2024-05-28,1
25_2024-05-29,1
25_2024-05-30,1
25_2024-05-31,1
25_2024-06-01,1
25_2024-06-02,1
25_2024-06-03,1
25_2024-06-04,1
25_2024-06-05,1
25_2024-06-06,1
25_2024-06-07,1
25_2024-06-08,1
25_2024-06-09,1
25_2024-06-10,1
25_2024-06-11,1
25_2024-06-12,1
25_2024-06-13,1
25_2024-06-14,1
25_2024-06-15,1
25_2024-06-16,1
25_2024-06-17,1
25_2024-06-18,1
25_2024-06-19,1
25_2024-06-20,1
25_2024-06-21,1
25_2024-06-22,1
25_2024-06-23,1
25_2024-06-24,1
25_2024-06-25,1
25_2024-06-26,1
25_2024-06-27,1
25_2024-06-28,1
25_2024-06-29,1
25_2024-06-30,1
25_2024-07-01,1
25_2024-07-02,1
25_2024-07-03,1
25_2024-07-04,1
25_2024-07-05,1
25_2024-07-06,1
25_2024-07-07,1
25_2024-07-08,1
25_2024-07-09,1
25_2024-07-10,1
25_2024-07-11,1
25_2024-07-12,1
25_2024-07-13,1
25_2024-07-14,1
25_2024-07-15,1
25_2024-07-16,1
25_2024-07-17,1
25_2024-07-18,1
25_2024-07-19,1
25_2024-07-20,1
25_2024-07-21,1
25_2024-07-22,1
25_2024-07-23,1
25_2024-07-24,1
25_2024-07-25,1
25_2024-07-26,1
25_2024-07-27,1
25_2024-07-28,1
25_2024-07-29,1
25_2024-07-30,1
26_2024-04-07,1
26_2024-04-08,1
26_2024-04-09,1
26_2024-04-10,1
26_2024-04-11,1
26_2024-04-12,1
26_2024-04-13,1
26_2024-04-14,1
26_2024-04-15,1
26_2024-04-16,1
26_2024-04-17,1
26_2024-04-18,1
26_2024-04-19,1
26_2024-04-20,1
26_2024-04-21,1
26_2024-04-22,1
26_2024-04-23,1
26_2024-04-24,1
26_2024-04-25,1
26_2024-04-26,1
26_2024-04-27,1
26_2024-04-28,1
26_2024-04-29,1
26_2024-04-30,1
26_2024-05-01,1
26_2024-05-02,1
26_2024-05-03,1
26_2024-05-04,1
26_2024-05-05,1
26_2024-05-06,1
26_2024-05-07,1
26_2024-05-08,1
26_2024-05-09,1
26_2024-05-10,1
26_2024-05-11,1
26_2024-05-12,1
26_2024-05-13,1
26_2024-05-14,1
26_2024-05-15,1
26_2024-05-16,1
26_2024-05-17,1
26_2024-05-18,1
26_2024-05-19,1
26_2024-05-20,1
26_2024-05-21,1
26_2024-05-22,1
26_2024-05-23,1
26_2024-05-24,1
26_2024-05-25,1
26_2024-05-26,1
26_2024-05-27,1
26_2024-05-28,1
26_2024-05-29,1
26_2024-05-30,1
26_2024-05-31,1
26_2024-06-01,1
26_2024-06-02,1
26_2024-06-03,1
26_2024-06-04,1
26_2024-06-05,1
26_2024-06-06,1
26_2024-06-07,1
26_2024-06-08,1
26_2024-06-09,1
26_2024-06-10,1
26_2024-06-11,1
26_2024-06-12,1
26_2024-06-13,1
26_2024-06-14,1
26_2024-06-15,1
26_2024-06-16,1
26_2024-06-17,1
26_2024-06-18,1
26_2024-06-19,1
26_2024-06-20,1
26_2024-06-21,1
26_2024-06-22,1
26_2024-06-23,1
26_2024-06-24,1
26_2024-06-25,1
26_2024-06-26,1
26_2024-06-27,1
26_2024-06-28,1
26_2024-06-29,1
26_2024-06-30,1
26_2024-07-01,1
26_2024-07-02,1
26_2024-07-03,1
26_2024-07-04,1
26_2024-07-05,1
26_2024-07-06,1
26_2024-07-07,1
26_2024-07-08,1
26_2024-07-09,1
26_2024-07-10,1
26_2024-07-11,1
26_2024-07-12,1
26_2024-07-13,1
26_2024-07-14,1
26_2024-07-15,1
26_2024-07-16,1
26_2024-07-17,1
26_2024-07-18,1
26_2024-07-19,1
26_2024-07-20,1
26_2024-07-21,1
26_2024-07-22,1
26_2024-07-23,1
26_2024-07-24,1
26_2024-07-25,1
26_2024-07-26,1
26_2024-07-27,1
26_2024-07-28,1
26_2024-07-29,1
26_2024-07-30,1
27_2024-04-07,1
27_2024-04-08,1
27_2024-04-09,1
27_2024-04-10,1
27_2024-04-11,1
27_2024-04-12,1
27_2024-04-13,1
27_2024-04-14,1
27_2024-04-15,1
27_2024-04-16,1
27_2024-04-17,1
27_2024-04-18,1
27_2024-04-19,1
27_2024-04-20,1
27_2024-04-21,1
27_2024-04-22,1
27_2024-04-23,1
27_2024-04-24,1
27_2024-04-25,1
27_2024-04-26,1
27_2024-04-27,1
27_2024-04-28,1
27_2024-04-29,1
27_2024-04-30,1
27_2024-05-01,1
27_2024-05-02,1
27_2024-05-03,1
27_2024-05-04,1
27_2024-05-05,1
27_2024-05-06,1
27_2024-05-07,1
27_2024-05-08,1
27_2024-05-09,1
27_2024-05-10,1
27_2024-05-11,1
27_2024-05-12,1
27_2024-05-13,1
27_2024-05-14,1
27_2024-05-15,1
27_2024-05-16,1
27_2024-05-17,1
27_2024-05-18,1
27_2024-05-19,1
27_2024-05-20,1
27_2024-05-21,1
27_2024-05-22,1
27_2024-05-23,1
27_2024-05-24,1
27_2024-05-25,1
27_2024-05-26,1
27_2024-05-27,1
27_2024-05-28,1
27_2024-05-29,1
27_2024-05-30,1
27_2024-05-31,1
27_2024-06-01,1
27_2024-06-02,1
27_2024-06-03,1
27_2024-06-04,1
27_2024-06-05,1
27_2024-06-06,1
27_2024-06-07,1
27_2024-06-08,1
27_2024-06-09,1
27_2024-06-10,1
27_2024-06-11,1
27_2024-06-12,1
27_2024-06-13,1
27_2024-06-14,1
27_2024-06-15,1
27_2024-06-16,1
27_2024-06-17,1
27_2024-06-18,1
27_2024-06-19,1
27_2024-06-20,1
27_2024-06-21,1
27_2024-06-22,1
27_2024-06-23,1
27_2024-06-24,1
27_2024-06-25,1
27_2024-06-26,1
27_2024-06-27,1
27_2024-06-28,1
27_2024-06-29,1
27_2024-06-30,1
27_2024-07-01,1
27_2024-07-02,1
27_2024-07-03,1
27_2024-07-04,1
27_2024-07-05,1
27_2024-07-06,1
27_2024-07-07,1
27_2024-07-08,1
27_2024-07-09,1
27_2024-07-10,1
27_2024-07-11,1
27_2024-07-12,1
27_2024-07-13,1
27_2024-07-14,1
27_2024-07-15,1
27_2024-07-16,1
27_2024-07-17,1
27_2024-07-18,1
27_2024-07-19,1
27_2024-07-20,1
27_2024-07-21,1
27_2024-07-22,1
27_2024-07-23,1
27_2024-07-24,1
27_2024-07-25,1
27_2024-07-26,1
27_2024-07-27,1
27_2024-07-28,1
27_2024-07-29,1
27_2024-07-30,1
28_2024-04-07,1
28_2024-04-08,1
28_2024-04-09,1
28_2024-04-10,1
28_2024-04-11,1
28_2024-04-12,1
28_2024-04-13,1
28_2024-04-14,1
28_2024-04-15,1
28_2024-04-16,1
28_2024-04-17,1
28_2024-04-18,1
28_2024-04-19,1
28_2024-04-20,1
28_2024-04-21,1
28_2024-04-22,1
28_2024-04-23,1
28_2024-04-24,1
28_2024-04-25,1
28_2024-04-26,1
28_2024-04-27,1
28_2024-04-28,1
28_2024-04-29,1
28_2024-04-30,1
28_2024-05-01,1
28_2024-05-02,1
28_2024-05-03,1
28_2024-05-04,1
28_2024-05-05,1
28_2024-05-06,1
28_2024-05-07,1
28_2024-05-08,1
28_2024-05-09,1
28_2024-05-10,1
28_2024-05-11,1
28_2024-05-12,1
28_2024-05-13,1
28_2024-05-14,1
28_2024-05-15,1
28_2024-05-16,1
28_2024-05-17,1
28_2024-05-18,1
28_2024-05-19,1
28_2024-05-20,1
28_2024-05-21,1
28_2024-05-22,1
28_2024-05-23,1
28_2024-05-24,1
28_2024-05-25,1
28_2024-05-26,1
28_2024-05-27,1
28_2024-05-28,1
28_2024-05-29,1
28_2024-05-30,1
28_2024-05-31,1
28_2024-06-01,1
28_2024-06-02,1
28_2024-06-03,1
28_2024-06-04,1
28_2024-06-05,1
28_2024-06-06,1
28_2024-06-07,1
28_2024-06-08,1
28_2024-06-09,1
28_2024-06-10,1
28_2024-06-11,1
28_2024-06-12,1
28_2024-06-13,1
28_2024-06-14,1
28_2024-06-15,1
28_2024-06-16,1
28_2024-06-17,1
28_2024-06-18,1
28_2024-06-19,1
28_2024-06-20,1
28_2024-06-21,1
28_2024-06-22,1
28_2024-06-23,1
28_2024-06-24,1
28_2024-06-25,1
28_2024-06-26,1
28_2024-06-27,1
28_2024-06-28,1
28_2024-06-29,1
28_2024-06-30,1
28_2024-07-01,1
28_2024-07-02,1
28_2024-07-03,1
28_2024-07-04,1
28_2024-07-05,1
28_2024-07-06,1
28_2024-07-07,1
28_2024-07-08,1
28_2024-07-09,1
28_2024-07-10,1
28_2024-07-11,1
28_2024-07-12,1
28_2024-07-13,1
28_2024-07-14,1
28_2024-07-15,1
28_2024-07-16,1
28_2024-07-17,1
28_2024-07-18,1
28_2024-07-19,1
28_2024-07-20,1
28_2024-07-21,1
28_2024-07-22,1
28_2024-07-23,1
28_2024-07-24,1
28_2024-07-25,1
28_2024-07-26,1
28_2024-07-27,1
28_2024-07-28,1
28_2024-07-29,1
28_2024-07-30,1
29_2024-04-07,1
29_2024-04-08,1
29_2024-04-09,1
29_2024-04-10,1
29_2024-04-11,1
29_2024-04-12,1
29_2024-04-13,1
29_2024-04-14,1
29_2024-04-15,1
29_2024-04-16,1
29_2024-04-17,1
29_2024-04-18,1
29_2024-04-19,1
29_2024-04-20,1
29_2024-04-21,1
29_2024-04-22,1
29_2024-04-23,1
29_2024-04-24,1
29_2024-04-25,1
29_2024-04-26,1
29_2024-04-27,1
29_2024-04-28,1
29_2024-04-29,1
29_2024-04-30,1
29_2024-05-01,1
29_2024-05-02,1
29_2024-05-03,1
29_2024-05-04,1
29_2024-05-05,1
29_2024-05-06,1
29_2024-05-07,1
29_2024-05-08,1
29_2024-05-09,1
29_2024-05-10,1
29_2024-05-11,1
29_2024-05-12,1
29_2024-05-13,1
29_2024-05-14,1
29_2024-05-15,1
29_2024-05-16,1
29_2024-05-17,1
29_2024-05-18,1
29_2024-05-19,1
29_2024-05-20,1
29_2024-05-21,1
29_2024-05-22,1
29_2024-05-23,1
29_2024-05-24,1
29_2024-05-25,1
29_2024-05-26,1
29_2024-05-27,1
29_2024-05-28,1
29_2024-05-29,1
29_2024-05-30,1
29_2024-05-31,1
29_2024-06-01,1
29_2024-06-02,1
29_2024-06-03,1
29_2024-06-04,1
29_2024-06-05,1
29_2024-06-06,1
29_2024-06-07,1
29_2024-06-08,1
29_2024-06-09,1
29_2024-06-10,1
29_2024-06-11,1
29_2024-06-12,1
29_2024-06-13,1
29_2024-06-14,1
29_2024-06-15,1
29_2024-06-16,1
29_2024-06-17,1
29_2024-06-18,1
29_2024-06-19,1
29_2024-06-20,1
29_2024-06-21,1
29_2024-06-22,1
29_2024-06-23,1
29_2024-06-24,1
29_2024-06-25,1
29_2024-06-26,1
29_2024-06-27,1
29_2024-06-28,1
29_2024-06-29,1
29_2024-06-30,1
29_2024-07-01,1
29_2024-07-02,1
29_2024-07-03,1
29_2024-07-04,1
29_2024-07-05,1
29_2024-07-06,1
29_2024-07-07,1
29_2024-07-08,1
29_2024-07-09,1
29_2024-07-10,1
29_2024-07-11,1
29_2024-07-12,1
29_2024-07-13,1
29_2024-07-14,1
29_2024-07-15,1
29_2024-07-16,1
29_2024-07-17,1
29_2024-07-18,1
29_2024-07-19,1
29_2024-07-20,1
29_2024-07-21,1
29_2024-07-22,1
29_2024-07-23,1
29_2024-07-24,1
29_2024-07-25,1
29_2024-07-26,1
29_2024-07-27,1
29_2024-07-28,1
29_2024-07-29,1
29_2024-07-30,1
30_2024-04-07,1
30_2024-04-08,1
30_2024-04-09,1
30_2024-04-10,1
30_2024-04-11,1
30_2024-04-12,1
30_2024-04-13,1
30_2024-04-14,1
30_2024-04-15,1
30_2024-04-16,1
30_2024-04-17,1
30_2024-04-18,1
30_2024-04-19,1
30_2024-04-20,1
30_2024-04-21,1
30_2024-04-22,1
30_2024-04-23,1
30_2024-04-24,1
30_2024-04-25,1
30_2024-04-26,1
30_2024-04-27,1
30_2024-04-28,1
30_2024-04-29,1
30_2024-04-30,1
30_2024-05-01,1
30_2024-05-02,1
30_2024-05-03,1
30_2024-05-04,1
30_2024-05-05,1
30_2024-05-06,1
30_2024-05-07,1
30_2024-05-08,1
30_2024-05-09,1
30_2024-05-10,1
30_2024-05-11,1
30_2024-05-12,1
30_2024-05-13,1
30_2024-05-14,1
30_2024-05-15,1
30_2024-05-16,1
30_2024-05-17,1
30_2024-05-18,1
30_2024-05-19,1
30_2024-05-20,1
30_2024-05-21,1
30_2024-05-22,1
30_2024-05-23,1
30_2024-05-24,1
30_2024-05-25,1
30_2024-05-26,1
30_2024-05-27,1
30_2024-05-28,1
30_2024-05-29,1
30_2024-05-30,1
30_2024-05-31,1
30_2024-06-01,1
30_2024-06-02,1
30_2024-06-03,1
30_2024-06-04,1
30_2024-06-05,1
30_2024-06-06,1
30_2024-06-07,1
30_2024-06-08,1
30_2024-06-09,1
30_2024-06-10,1
30_2024-06-11,1
30_2024-06-12,1
30_2024-06-13,1
30_2024-06-14,1
30_2024-06-15,1
30_2024-06-16,1
30_2024-06-17,1
30_2024-06-18,1
30_2024-06-19,1
30_2024-06-20,1
30_2024-06-21,1
30_2024-06-22,1
30_2024-06-23,1
30_2024-06-24,1
30_2024-06-25,1
30_2024-06-26,1
30_2024-06-27,1
30_2024-06-28,1
30_2024-06-29,1
30_2024-06-30,1
30_2024-07-01,1
30_2024-07-02,1
30_2024-07-03,1
30_2024-07-04,1
30_2024-07-05,1
30_2024-07-06,1
30_2024-07-07,1
30_2024-07-08,1
30_2024-07-09,1
30_2024-07-10,1
30_2024-07-11,1
30_2024-07-12,1
30_2024-07-13,1
30_2024-07-14,1
30_2024-07-15,1
30_2024-07-16,1
30_2024-07-17,1
30_2024-07-18,1
30_2024-07-19,1
30_2024-07-20,1
30_2024-07-21,1
30_2024-07-22,1
30_2024-07-23,1
30_2024-07-24,1
30_2024-07-25,1
30_2024-07-26,1
30_2024-07-27,1
30_2024-07-28,1
30_2024-07-29,1
30_2024-07-30,1
31_2024-04-07,1
31_2024-04-08,1
31_2024-04-09,1
31_2024-04-10,1
31_2024-04-11,1
31_2024-04-12,1
31_2024-04-13,1
31_2024-04-14,1
31_2024-04-15,1
31_2024-04-16,1
31_2024-04-17,1
31_2024-04-18,1
31_2024-04-19,1
31_2024-04-20,1
31_2024-04-21,1
31_2024-04-22,1
31_2024-04-23,1
31_2024-04-24,1
31_2024-04-25,1
31_2024-04-26,1
31_2024-04-27,1
31_2024-04-28,1
31_2024-04-29,1
31_2024-04-30,1
31_2024-05-01,1
31_2024-05-02,1
31_2024-05-03,1
31_2024-05-04,1
31_2024-05-05,1
31_2024-05-06,1
31_2024-05-07,1
31_2024-05-08,1
31_2024-05-09,1
31_2024-05-10,1
31_2024-05-11,1
31_2024-05-12,1
31_2024-05-13,1
31_2024-05-14,1
31_2024-05-15,1
31_2024-05-16,1
31_2024-05-17,1
31_2024-05-18,1
31_2024-05-19,1
31_2024-05-20,1
31_2024-05-21,1
31_2024-05-22,1
31_2024-05-23,1
31_2024-05-24,1
31_2024-05-25,1
31_2024-05-26,1
31_2024-05-27,1
31_2024-05-28,1
31_2024-05-29,1
31_2024-05-30,1
31_2024-05-31,1
31_2024-06-01,1
31_2024-06-02,1
31_2024-06-03,1
31_2024-06-04,1
31_2024-06-05,1
31_2024-06-06,1
31_2024-06-07,1
31_2024-06-08,1
31_2024-06-09,1
31_2024-06-10,1
31_2024-06-11,1
31_2024-06-12,1
31_2024-06-13,1
31_2024-06-14,1
31_2024-06-15,1
31_2024-06-16,1
31_2024-06-17,1
31_2024-06-18,1
31_2024-06-19,1
31_2024-06-20,1
31_2024-06-21,1
31_2024-06-22,1
31_2024-06-23,1
31_2024-06-24,1
31_2024-06-25,1
31_2024-06-26,1
31_2024-06-27,1
31_2024-06-28,1
31_2024-06-29,1
31_2024-06-30,1
31_2024-07-01,1
31_2024-07-02,1
31_2024-07-03,1
31_2024-07-04,1
31_2024-07-05,1
31_2024-07-06,1
31_2024-07-07,1
31_2024-07-08,1
31_2024-07-09,1
31_2024-07-10,1
31_2024-07-11,1
31_2024-07-12,1
31_2024-07-13,1
31_2024-07-14,1
31_2024-07-15,1
31_2024-07-16,1
31_2024-07-17,1
31_2024-07-18,1
31_2024-07-19,1
31_2024-07-20,1
31_2024-07-21,1
31_2024-07-22,1
31_2024-07-23,1
31_2024-07-24,1
31_2024-07-25,1
31_2024-07-26,1
31_2024-07-27,1
31_2024-07-28,1
31_2024-07-29,1
31_2024-07-30,1
32_2024-04-07,1
32_2024-04-08,1
32_2024-04-09,1
32_2024-04-10,1
32_2024-04-11,1
32_2024-04-12,1
32_2024-04-13,1
32_2024-04-14,1
32_2024-04-15,1
32_2024-04-16,1
32_2024-04-17,1
32_2024-04-18,1
32_2024-04-19,1
32_2024-04-20,1
32_2024-04-21,1
32_2024-04-22,1
32_2024-04-23,1
32_2024-04-24,1
32_2024-04-25,1
32_2024-04-26,1
32_2024-04-27,1
32_2024-04-28,1
32_2024-04-29,1
32_2024-04-30,1
32_2024-05-01,1
32_2024-05-02,1
32_2024-05-03,1
32_2024-05-04,1
32_2024-05-05,1
32_2024-05-06,1
32_2024-05-07,1
32_2024-05-08,1
32_2024-05-09,1
32_2024-05-10,1
32_2024-05-11,1
32_2024-05-12,1
32_2024-05-13,1
32_2024-05-14,1
32_2024-05-15,1
32_2024-05-16,1
32_2024-05-17,1
32_2024-05-18,1
32_2024-05-19,1
32_2024-05-20,1
32_2024-05-21,1
32_2024-05-22,1
32_2024-05-23,1
32_2024-05-24,1
32_2024-05-25,1
32_2024-05-26,1
32_2024-05-27,1
32_2024-05-28,1
32_2024-05-29,1
32_2024-05-30,1
32_2024-05-31,1
32_2024-06-01,1
32_2024-06-02,1
32_2024-06-03,1
32_2024-06-04,1
32_2024-06-05,1
32_2024-06-06,1
32_2024-06-07,1
32_2024-06-08,1
32_2024-06-09,1
32_2024-06-10,1
32_2024-06-11,1
32_2024-06-12,1
32_2024-06-13,1
32_2024-06-14,1
32_2024-06-15,1
32_2024-06-16,1
32_2024-06-17,1
32_2024-06-18,1
32_2024-06-19,1
32_2024-06-20,1
32_2024-06-21,1
32_2024-06-22,1
32_2024-06-23,1
32_2024-06-24,1
32_2024-06-25,1
32_2024-06-26,1
32_2024-06-27,1
32_2024-06-28,1
32_2024-06-29,1
32_2024-06-30,1
32_2024-07-01,1
32_2024-07-02,1
32_2024-07-03,1
32_2024-07-04,1
32_2024-07-05,1
32_2024-07-06,1
32_2024-07-07,1
32_2024-07-08,1
32_2024-07-09,1
32_2024-07-10,1
32_2024-07-11,1
32_2024-07-12,1
32_2024-07-13,1
32_2024-07-14,1
32_2024-07-15,1
32_2024-07-16,1
32_2024-07-17,1
32_2024-07-18,1
32_2024-07-19,1
32_2024-07-20,1
32_2024-07-21,1
32_2024-07-22,1
32_2024-07-23,1
32_2024-07-24,1
32_2024-07-25,1
32_2024-07-26,1
32_2024-07-27,1
32_2024-07-28,1
32_2024-07-29,1
32_2024-07-30,1
